Subreddit,ID of Post,Comment Text,Score,Author,Date & Time,Length Comment,Sentiment
ChatGPT,12cobqr,Recognizing ASCII shrek is the last step to AGI,2180,EwaldvonKleist,2023-04-05 18:30:30,47.0,286.0
ChatGPT,12cobqr,"That's  , green icon",644,anonymoose137,2023-04-05 18:35:14,20.0,286.0
ChatGPT,12cobqr,It‚Äôs not   though,358,I_am_purrfect,2023-04-05 18:31:39,17.0,286.0
ChatGPT,12cobqr,This is not  ,526,vitorgrs,2023-04-05 18:38:06,13.0,286.0
ChatGPT,12cobqr,"  thinks otherwise

 ",68,Giblaz,2023-04-05 20:40:43,21.0,286.0
ChatGPT,12cobqr,"Famous: yes

Mona Lisa: absolutely",53,Ghost_Flame69,2023-04-05 18:07:09,34.0,286.0
ChatGPT,12cobqr, ,74,,2023-04-05 21:19:10,1.0,286.0
ChatGPT,12cobqr,I think you discovered a secret way for humans to communicate during a robot apocalypse. Them metal heads won't have a clue.,29,kemonkey1,2023-04-05 19:13:33,124.0,286.0
ChatGPT,12cobqr,Whoa it did it!,12,TLo137,2023-04-05 17:56:39,15.0,286.0
ChatGPT,12cobqr,"Yep, definitely ending civilisation",5,senseibull,2023-04-05 20:30:12,35.0,286.0
ChatGPT,12cobqr,SomeBODY once told GPT,11,CrunchyJeans,2023-04-05 20:53:04,22.0,286.0
ChatGPT,12cobqr,I think you gotta peel off a few layers before that looks like Mona Lisa üòÑ,4,romb3rtik,2023-04-05 19:18:42,74.0,286.0
ChatGPT,12cobqr,Nailed it,5,Feedthabeast,2023-04-05 19:33:58,9.0,286.0
ChatGPT,12cobqr,Did you tell it to squint its eyes?,3,Mrfrednot,2023-04-05 19:54:38,35.0,286.0
ChatGPT,12cobqr,"&#x200B;

 ",3,steven4297,2023-04-05 23:59:07,11.0,286.0
ChatGPT,12cobqr,I mean mona lisa was just as ugly as shrek so it's not entirely wrong,3,Garthe_Lucas_2002,2023-04-11 12:41:25,69.0,286.0
ChatGPT,12cobqr,Well he‚Äôs not wrong,2,Image-Fickle,2023-04-05 19:18:15,19.0,286.0
ChatGPT,12cobqr,are you running a plug-in?,2,Ixcw,2023-04-05 17:50:18,26.0,286.0
ChatGPT,12cobqr,Mona Lisa is Life. Mona Lisa is Love.,2,only_fun_topics,2023-04-05 19:11:44,37.0,286.0
ChatGPT,12cobqr,Shrek Lisa or Mona Shrek?,2,mrpaw69,2023-04-05 19:16:03,25.0,286.0
ChatGPT,12cobqr,"That sure is mona lisa, just not following diet...i guess",2,ChadFearless,2023-04-05 20:49:05,57.0,286.0
ChatGPT,12cobqr,GPT 3 is only able to metaphorically see the image üòè,2,romandarkartist,2023-04-05 20:56:49,52.0,286.0
ChatGPT,12cobqr,"""i bet you say that to everyone""",2,frequenttimetraveler,2023-04-05 21:15:41,32.0,286.0
ChatGPT,12cobqr,"Mona Lisa, it's that damn smile.",2,Cryovolcanoes,2023-04-05 21:44:41,32.0,286.0
ChatGPT,12cobqr,We shall call this the Mona Lisa ASCII test for evidence of AGI.,2,GeekFurious,2023-04-05 21:56:54,64.0,286.0
ChatGPT,12cobqr,The new captcha,2,Super-414,2023-04-05 22:23:04,15.0,286.0
ChatGPT,12cobqr,Is this like a Rorschach test for AIs??,2,FriendlySceptic,2023-04-05 22:43:50,39.0,286.0
ChatGPT,12cobqr,"Curious,  gpt 4 shows up as a black icon for me",2,alexbraver,2023-04-06 00:06:37,47.0,286.0
ChatGPT,12cobqr,Here's the result when I did it. [ ,2,Boldozek,2023-04-06 00:53:41,35.0,286.0
ChatGPT,12cobqr,This AI amazes me more and more with the day,2,Brief_Ad_3367,2023-04-06 01:08:22,44.0,286.0
ChatGPT,12cobqr,"indeed, bot, indeed.",2,C4ta5tR0pH3,2023-04-06 01:20:50,20.0,286.0
ChatGPT,12cobqr,trolled by AI,2,King-Cobra-668,2023-04-06 03:24:50,13.0,286.0
ChatGPT,12cobqr,The Mona Lisa has never been better than this.,2,trashgodsmallween,2023-04-06 04:17:58,46.0,286.0
ChatGPT,12cobqr,Good bot.,2,mudamaker,2023-04-06 04:49:12,9.0,286.0
ChatGPT,12cobqr,What a time to be alive.,2,cloudinspector1,2023-04-06 05:22:10,24.0,286.0
ChatGPT,12cobqr,I've been saying everyone who is scared of AI is just ignorant.,2,The_MAZZTer,2023-04-06 06:26:16,63.0,286.0
ChatGPT,12cobqr,"You see Leonardo, paintings have layers.",2,coachhunter2,2023-04-06 13:14:17,40.0,286.0
ChatGPT,12cobqr,Lol so now Shrek = Mona Lisa?????? üòÇüòÇüòÉ,2,Equivalent_Smile_700,2023-04-06 13:58:41,38.0,286.0
ChatGPT,12cobqr,"No, it‚Äôs Leonardo‚Äôs famous painting of Shrek.",2,Technical_Song_1213,2023-04-06 15:29:52,45.0,286.0
ChatGPT,12cobqr,What if its just being sarcastic.,2,duggee315,2023-04-06 18:24:45,33.0,286.0
ChatGPT,12cobqr,"Humans 1 AI 0

Fuck you",2,robbiedigital001,2023-04-06 18:44:10,23.0,286.0
ChatGPT,12cobqr,Chat GPT nailed it.,2,,2023-04-07 15:29:52,19.0,286.0
ChatGPT,12cobqr,I wish to be as confident as   when it says a wrong answer,2,0re5ama,2023-04-23 05:35:44,58.0,286.0
ChatGPT,12cobqr,"My first thought was ""Black Devil Angler Fish"" and then I saw Shrek staring at me.",1,jeffwadsworth,2023-04-05 23:28:45,82.0,286.0
ChatGPT,12cobqr,r/technicallythetruth,1,BCLetsRide69,2023-04-05 21:53:33,21.0,286.0
ChatGPT,12cobqr,TIL that   has a reasonable sense of humoe,1,Beneficial_Tap_481,2023-04-05 19:14:44,42.0,286.0
ChatGPT,12cobqr,Was it right?,0,Nocturnal-Teacher,2023-04-05 23:05:54,13.0,286.0
ChatGPT,12cobqr,Its the mona lisa upside down,0,pingotero,2023-04-06 01:58:47,29.0,286.0
ChatGPT,12cobqr,thats not gpt-4 thats 3.5,0,Blckreaphr,2023-04-06 04:17:43,25.0,286.0
ChatGPT,12cobqr,Isn't that  ?,0,pentacontagon,2023-04-06 04:31:36,13.0,286.0
ChatGPT,12cobqr,It might be that the AI is too smart and does not want us to know it can recognize things in pictures.,0,waspentalive,2023-04-06 04:48:13,102.0,286.0
ChatGPT,12cobqr,Mona lisa?!!,1,tiagorangel2011,2023-04-05 18:10:15,12.0,286.0
ChatGPT,12cobqr,new top GPT meme of all time so far just dropped,1,Sweg_lel,2023-04-05 18:59:51,48.0,286.0
ChatGPT,12cobqr,Its possible to ask gpt to reponse this lol maybe prevouis text ? I going to try it,1,HarukiRyuChiro,2023-04-05 19:43:14,83.0,286.0
ChatGPT,12cobqr,Close. So very very close. /s,1,MarkHathaway1,2023-04-05 19:57:06,29.0,286.0
ChatGPT,12cobqr,It nailed it.,1,AaronicNation,2023-04-05 20:07:38,13.0,286.0
ChatGPT,12cobqr,Don't act like it's seeing anything. It just reads tokens and writes random things if it can't see.,1,boiledviolins,2023-04-05 20:16:59,99.0,286.0
ChatGPT,12cobqr,I lole'd,1,EsoteriQAnon,2023-04-05 20:20:07,8.0,286.0
ChatGPT,12cobqr,Maybe it's right...,1,SamBigWilly,2023-04-05 20:33:58,19.0,286.0
ChatGPT,12cobqr,Shrek is as significant as ML if not more,1,Educational_Isopod36,2023-04-05 21:02:52,41.0,286.0
ChatGPT,12cobqr,"Close, that is a fictional ogre üíï",1,AtheIstan,2023-04-05 21:09:16,33.0,286.0
ChatGPT,12cobqr,A beautiful Mona Lisa indeed,1,Quarter120,2023-04-05 21:09:31,28.0,286.0
ChatGPT,12cobqr,Close enough.,1,siewierz,2023-04-05 21:09:39,13.0,286.0
ChatGPT,12cobqr,GPT-Shrek,1,swagonflyyyy,2023-04-05 21:19:00,9.0,286.0
ChatGPT,12cobqr,  is an all-star.,1,brave_joe,2023-04-05 21:34:22,17.0,286.0
ChatGPT,12cobqr,That's not   4,1,Kacenpoint,2023-04-05 22:05:58,14.0,286.0
ChatGPT,12cobqr,"Bro that's 3.5 not 4.0. 

Fake news üëé",1,Kacenpoint,2023-04-05 22:07:22,37.0,286.0
ChatGPT,12cobqr,Ghat gpt aint wrong,1,zodyaboi,2023-04-05 22:20:22,19.0,286.0
ChatGPT,12cobqr,Somebody once told me,1,Elegant-Variety-7482,2023-04-05 22:24:52,21.0,286.0
ChatGPT,12cobqr,What do you mean? That is the Mona Lisa,1,ItsFakeyy,2023-04-05 22:37:27,39.0,286.0
ChatGPT,12cobqr,Yes,1,BONDCREATOR,2023-04-05 22:48:19,3.0,286.0
ChatGPT,12cobqr,At one point it‚Äôs right: it‚Äôs a damn masterpiece,1,Radeckyy_7,2023-04-05 22:57:57,48.0,286.0
ChatGPT,12cobqr,"As a painter named Leonardo Da Vinci, who painted the Mona Lisa in glorious detail, i feel
offended by this monstrosity.",1,ForsoothPeople,2023-04-05 22:57:58,120.0,286.0
ChatGPT,12cobqr,Close,1,PIZT,2023-04-05 22:59:05,5.0,286.0
ChatGPT,12cobqr,It's an inkblot and we are all just too stupid to see,1,Traditional_Yak1487,2023-04-05 23:05:51,53.0,286.0
ChatGPT,12cobqr,"2m k,,,",1,grannyfukkkr,2023-04-05 23:06:00,7.0,286.0
ChatGPT,12cobqr,"That smile, tho! üòÇ",1,BigAndSmallAre,2023-04-05 23:07:59,18.0,286.0
ChatGPT,12cobqr,"Based on how LLM's work, the answer is never or you get very lucky with a .0001% response.",1,Houligan86,2023-04-05 23:50:27,90.0,286.0
ChatGPT,12cobqr,"Oh no, AI has learned sarcastic jokes that humans can't understand.",1,aspearin,2023-04-05 23:56:29,67.0,286.0
ChatGPT,12cobqr,That's **not**  ,1,nixed9,2023-04-05 23:59:48,16.0,286.0
ChatGPT,12cobqr,"Hi, back in   times I did a little bit of research exactly on that and wrote a blog entry:

 ",1,Blackliquid,2023-04-06 00:01:14,93.0,286.0
ChatGPT,12cobqr,Haha that is pure comedy gold!,1,caelestis42,2023-04-06 00:05:13,30.0,286.0
ChatGPT,12cobqr,"That made me curious, if GPT can draw ascii art......

&#x200B;

 ",1,whogivesaluck,2023-04-06 00:07:35,66.0,286.0
ChatGPT,12cobqr,Don‚Äôt think so‚Ä¶,1,Condo1971,2023-04-06 00:08:08,15.0,286.0
ChatGPT,12cobqr,I tried yesterday to see if it could generate ASCII art. It certainly tried.,1,continue_stocking,2023-04-06 00:22:15,76.0,286.0
ChatGPT,12cobqr,"\*buzzer\* Wrong again, AI, but thanks for the laugh.",1,marvinsands,2023-04-06 00:23:45,53.0,286.0
ChatGPT,12cobqr,that's 3.5 not 4...   responses have a black symbol xD.,1,arjuna66671,2023-04-06 00:32:08,55.0,286.0
ChatGPT,12cobqr,It‚Äôs not wrong,1,Avacado_Cat666,2023-04-06 00:44:57,14.0,286.0
ChatGPT,12cobqr,Shrek is as beautiful as the Mona Lisa so I'd say this is pretty accurate,1,Mr_man_bird,2023-04-06 00:51:19,73.0,286.0
ChatGPT,12cobqr,Lamo,1,Inevitable-Cat7231,2023-04-06 01:11:07,4.0,286.0
ChatGPT,12cobqr,So confidently wrong.,1,jtm297,2023-04-06 01:32:25,21.0,286.0
ChatGPT,12cobqr,Nailed it!,1,drizel,2023-04-06 01:39:42,10.0,286.0
ChatGPT,12cobqr,Noice,1,Bendymeatsuit,2023-04-06 01:55:32,5.0,286.0
ChatGPT,12cobqr,Close enough,1,SuitablyOneself,2023-04-06 01:57:37,12.0,286.0
ChatGPT,12cobqr,"‚ÄúThat'll do, Donkey. That'll do.‚Äù",1,Mustafa86,2023-04-06 02:01:10,33.0,286.0
ChatGPT,12cobqr,ASCII* art,1,CreativeDimension,2023-04-06 02:14:54,10.0,286.0
ChatGPT,12cobqr,Mona's looking rough these days...,1,___Ethos___,2023-04-06 02:20:49,34.0,286.0
ChatGPT,12cobqr,Cursed captcha,1,MGakowski,2023-04-06 02:23:42,14.0,286.0
ChatGPT,12cobqr,What is this idiotic fascination with ASCII art?! Stop clogging up the pipeline with this crap,1,wootr68,2023-04-06 02:31:43,94.0,286.0
ChatGPT,12cobqr,Rotate 45 degrees and squint.,1,mookie_blaylocks,2023-04-06 02:32:24,29.0,286.0
